Fourth,Isolate_Count_Sum,Common Name
Anseriformes-Anatidae-Anas-Anas platyrhynchos,6862,Mallard
Charadriiformes-Scolopacidae-Arenaria-Arenaria interpres,1859,Ruddy turnstone
Anseriformes-Anatidae-Spatula-Spatula discors,1237,Blue-winged teal
Anseriformes-Anatidae-Anas-Anas acuta,1011,Northern pintail
Charadriiformes-Laridae-Chroicocephalus-Chroicocephalus ridibundus,998,Black-headed gull
Anseriformes-Anatidae-Anas-Anas crecca,878,Eurasian teal
Anseriformes-Anatidae-Cygnus-Cygnus olor,495,Mute swan
Anseriformes-Anatidae-Spatula-Spatula clypeata,410,Northern shoveler
Anseriformes-Anatidae-Cairina-Cairina moschata,355,Muscovy duck
Anseriformes-Anatidae-Anas-Anas rubripes,282,American black duck
Anseriformes-Anatidae-Cygnus-Cygnus cygnus,259,Whooper swan
Charadriiformes-Laridae-Larus-Larus glaucescens,180,Glaucous-winged gull
Anseriformes-Anatidae-Anser-Anser indicus,178,Bar-headed goose
Anseriformes-Anatidae-Anser-Anser anser,168,Greylag goose
Anseriformes-Anatidae-Anser-Anser fabalis,160,Bean goose
Anseriformes-Anatidae-Anser-Anser albifrons,158,White-fronted goose
Anseriformes-Anatidae-Branta-Branta canadensis,153,Canada goose
Anseriformes-Anatidae-Branta-Branta leucopsis,147,Barnacle goose
Falconiformes-Falconidae-Falco-Falco peregrinus,132,Peregrine falcon
Anseriformes-Anatidae-Mareca-Mareca americana,131,American wigeon
Charadriiformes-Laridae-Sterna-Sterna hirundo,121,Common tern
Charadriiformes-Laridae-Leucophaeus-Leucophaeus atricilla,120,Laughing gull
Anseriformes-Anatidae-Mareca-Mareca penelope,107,Eurasian wigeon
Charadriiformes-Laridae-Larus-Larus argentatus,105,European herring gull
Anseriformes-Anatidae-Mareca-Mareca strepera,101,Gadwall
Charadriiformes-Scolopacidae-Calidris-Calidris canutus,95,Red knot
Charadriiformes-Scolopacidae-Calidris-Calidris alba,93,Sanderling
Anseriformes-Anatidae-Cygnus-Cygnus columbianus,80,Tundra swan
Accipitriformes-Accipitridae-Buteo-Buteo buteo,72,Eurasian buzzard
Anseriformes-Anatidae-Aix-Aix galericulata,72,Mandarin duck
Charadriiformes-Laridae-Larus-Larus marinus,72,Great black-backed gull
Anseriformes-Anatidae-Aythya-Aythya fuligula,67,Tufted duck
Charadriiformes-Laridae-Thalasseus-Thalasseus sandvicensis,63,Sandwich tern
Accipitriformes-Accipitridae-Haliaeetus-Haliaeetus leucocephalus,62,Bald eagle
Anseriformes-Anatidae-Bucephala-Bucephala clangula,59,Common goldeneye
Accipitriformes-Accipitridae-Buteo-Buteo jamaicensis,58,Red-tailed hawk
Galliformes-Phasianidae-Alectoris-Alectoris chukar,57,Chuckar partridge
Anseriformes-Anatidae-Anser-Anser caerulescens,56,Snow goose
Anseriformes-Anatidae-Anser-Anser canagicus,53,Emperor goose
Anseriformes-Anatidae-Sibirionetta-Sibirionetta formosa,44,Baikal teal
Strigiformes-Strigidae-Bubo-Bubo virginianus,44,Great horned owl
Charadriiformes-Scolopacidae-Calidris-Calidris ruficollis,43,Red-necked stint
Pelecaniformes-Ardeidae-Ardea-Ardea cinerea,43,Grey heron
Passeriformes-Corvidae-Corvus-Corvus brachyrhynchos,42,American crow
Anseriformes-Anatidae-Cygnus-Cygnus atratus,40,Black swan
Anseriformes-Anatidae-Tadorna-Tadorna ferruginea,40,Ruddy shelduck
Anseriformes-Anatidae-Spatula-Spatula cyanoptera,39,Cinnamon teal
Passeriformes-Corvidae-Corvus-Corvus macrorhynchos,39,Large-billed crow
Charadriiformes-Scolopacidae-Calidris-Calidris pusilla,35,Semipalmated sandpiper
Anseriformes-Anatidae-Anas-Anas flavirostris,33,Yellow-billed teal
Anseriformes-Anatidae-Bucephala-Bucephala albeola,33,Bufflehead
Charadriiformes-Laridae-Chroicocephalus-Chroicocephalus brunnicephalus,30,Brown-headed gull
Charadriiformes-Alcidae-Uria-Uria aalge,29,Common murre
Charadriiformes-Laridae-Larus-Larus canus,29,Mew gull
Podicipediformes-Podicipedidae-Podiceps-Podiceps cristatus,29,Great crested grebe
Suliformes-Phalacrocoracidae-Phalacrocorax-Phalacrocorax carbo,29,Great Cormorant
Anseriformes-Anatidae-Aythya-Aythya collaris,28,Ring-necked duck
Charadriiformes-Laridae-Larus-Larus dominicanus,28,Kelp gull
Anseriformes-Anatidae-Aythya-Aythya americana,27,Redhead
Anseriformes-Anatidae-Spatula-Spatula querquedula,27,Garganey
Anseriformes-Anatidae-Anas-Anas gracilis,26,Grey teal
Anseriformes-Anatidae-Aythya-Aythya ferina,26,Common pochard
Suliformes-Sulidae-Morus-Morus bassanus,26,Northern gannet
Accipitriformes-Accipitridae-Haliaeetus-Haliaeetus albicilla,25,White-tailed sea eagle
Charadriiformes-Scolopacidae-Numenius-Numenius arquata,25,Eurasian curlew
Ciconiiformes-Ciconiidae-Ciconia-Ciconia ciconia,25,White stork
Gruiformes-Gruidae-Grus-Grus monacha,25,Hooded crane
Anseriformes-Anatidae-Aix-Aix sponsa,24,Wood duck
Anseriformes-Anatidae-Branta-Branta hutchinsii,24,Cackling goose
Charadriiformes-Scolopacidae-Calidris-Calidris alpina,24,Dunlin
Anseriformes-Anatidae-Anas-Anas georgica,23,Yellowbilled pintail
Anseriformes-Anatidae-Somateria-Somateria mollissima,23,Common eider
Charadriiformes-Laridae-Larus-Larus fuscus,23,Lesser black-backed gull
Cathartiformes-Cathartidae-Coragyps-Coragyps atratus,22,American black vulture
Anseriformes-Anatidae-Anser-Anser brachyrhynchus,20,Pink-footed goose
Anseriformes-Anatidae-Aythya-Aythya affinis,20,Lesser scaup
Anseriformes-Anatidae-Clangula-Clangula hyemalis,20,Long-tailed duck
Anseriformes-Anatidae-Tadorna-Tadorna tadorna,20,Common shelduck
Charadriiformes-Laridae-Larus-Larus delawarensis,20,Ring-billed gull
Charadriiformes-Laridae-Larus-Larus michahellis,20,Yellow-legged gull
Accipitriformes-Accipitridae-Accipiter-Accipiter cooperii,19,Cooper's hawk
Accipitriformes-Accipitridae-Accipiter-Accipiter gentilis,19,Northern goshawk
Gruiformes-Rallidae-Fulica-Fulica atra,19,Common coot
Pelecaniformes-Pelecanidae-Pelecanus-Pelecanus occidentalis,19,Brown pelican
Strigiformes-Strigidae-Bubo-Bubo bubo,19,Northern eagel owl
Cathartiformes-Cathartidae-Cathartes-Cathartes aura,18,Turkey vulture
Charadriiformes-Laridae-Larus-Larus hyperboreus,18,Glaucous gull
Galliformes-Phasianidae-Phasianus-Phasianus colchicus,18,Common pheasant
Pelecaniformes-Ardeidae-Ardea-Ardea alba,18,Great egret
Anseriformes-Anatidae-Mareca-Mareca falcata,17,Falcated duck
Charadriiformes-Laridae-Ichthyaetus-Ichthyaetus melanocephalus,17,Mediterranean gull
Podicipediformes-Podicipedidae-Podiceps-Podiceps nigricollis,16,Black-necked grebe
Anseriformes-Anatidae-Aythya-Aythya marila,15,Greater scaup
Anseriformes-Anatidae-Branta-Branta bernicla,15,Brent goose
Galliformes-Cracidae-Ortalis-Ortalis vetula,15,Plain Chachalaca
Struthioniformes-Casuariidae-Dromaius-Dromaius novaehollandiae,15,Emu
Suliformes-Sulidae-Sula-Sula variegata,15,Peruvian Booby
Anseriformes-Anatidae-Polysticta-Polysticta stelleri,13,Steller‘s eider
Charadriiformes-Laridae-Hydroprogne-Hydroprogne caspia,13,Caspian Tern
Charadriiformes-Laridae-Larus-Larus cachinnans,13,Caspian gull
Passeriformes-Passeridae-Passer-Passer montanus,13,Eurasian tree sparrow
Charadriiformes-Laridae-Rynchops-Rynchops niger,12,Black skimmer
Charadriiformes-Scolopacidae-Numenius-Numenius phaeopus,12,Whimbrel
Galliformes-Phasianidae-Pavo-Pavo cristatus,12,Indian Peafowl
Charadriiformes-Alcidae-Uria-Uria lomvia,11,Thick billed murre
Columbiformes-Columbidae-Streptopelia-Streptopelia decaocto,11,Eurasian collared dove
Falconiformes-Falconidae-Falco-Falco tinnunculus,11,Common kestrel
Gruiformes-Gruidae-Grus-Grus grus,11,Common crane
Sphenisciformes-Spheniscidae-Pygoscelis-Pygoscelis antarcticus,11,Chinstrap penguin
Charadriiformes-Scolopacidae-Calidris-Calidris minutilla,10,Least sandpiper
Passeriformes-Corvidae-Pica-Pica pica,10,Eurasian magpie
Accipitriformes-Accipitridae-Buteo-Buteo japonicus,9,Eastern buzzard
Anseriformes-Anatidae-Melanitta-Melanitta perspicillata,9,Surf scoter
Charadriiformes-Laridae-Larus-Larus schistisagus,9,Slaty-backed gull
Charadriiformes-Laridae-Rissa-Rissa tridactyla,9,Black-legged kittiwake
Charadriiformes-Scolopacidae-Calidris-Calidris fuscicollis,9,White-rumped sandpiper
Pelecaniformes-Ardeidae-Egretta-Egretta garzetta,9,Little egret
Podicipediformes-Podicipedidae-Tachybaptus-Tachybaptus ruficollis,9,Little grebe
Strigiformes-Strigidae-Bubo-Bubo scandiacus,9,Snowy owl
Strigiformes-Tytonidae-Tyto-Tyto alba,9,Barn-owl
Anseriformes-Anatidae-Alopochen-Alopochen aegyptiaca,8,Egyptian goose
Anseriformes-Anatidae-Mergus-Mergus merganser,8,Common merganser
Anseriformes-Anatidae-Plectropterus-Plectropterus gambensis,8,Spur-winged goose
Anseriformes-Anatidae-Spatula-Spatula versicolor,8,Silver teal
Charadriiformes-Laridae-Larus-Larus glaucoides,8,Iceland gull
Charadriiformes-Laridae-Sterna-Sterna paradisaea,8,Arctic tern
Passeriformes-Corvidae-Corvus-Corvus frugilegus,8,Rook
Passeriformes-Corvidae-Corvus-Corvus splendens,8,House crow
Pelecaniformes-Ardeidae-Ardea-Ardea herodias,8,Great blue heron
Pelecaniformes-Threskiornithidae-Platalea-Platalea leucorodia,8,Eurasian spoonbill
Anseriformes-Anatidae-Netta-Netta peposaca,7,Rosy-billed pochard
Anseriformes-Anatidae-Somateria-Somateria spectabilis,7,King eider
Charadriiformes-Laridae-Anous-Anous tenuirostris,7,Lesser noddy
Charadriiformes-Scolopacidae-Calidris-Calidris acuminata,7,Sharp-tailed sandpiper
Charadriiformes-Scolopacidae-Numenius-Numenius madagascariensis,7,Far eastern curlew
Passeriformes-Passeridae-Passer-Passer domesticus,7,House sparrow
Pelecaniformes-Pelecanidae-Pelecanus-Pelecanus crispus,7,Dalmatian pelican
Pelecaniformes-Pelecanidae-Pelecanus-Pelecanus erythrorhynchos,7,American white pelican
Anseriformes-Anatidae-Anser-Anser cygnoides,6,Swan goose
Anseriformes-Anatidae-Aythya-Aythya valisineria,6,Canvasback
Anseriformes-Anatidae-Cygnus-Cygnus buccinator,6,Trumpeter swan
Anseriformes-Anatidae-Lophodytes-Lophodytes cucullatus,6,Hooded merganser
Anseriformes-Anatidae-Melanitta-Melanitta americana,6,Black scoter
Charadriiformes-Haematopodidae-Haematopus-Haematopus ostralegus,6,Eurasian oystercatcher
Charadriiformes-Laridae-Larus-Larus smithsonianus,6,American herring gull
Gruiformes-Rallidae-Fulica-Fulica americana,6,American coot
Passeriformes-Muscicapidae-Copsychus-Copsychus saularis,6,Oriental magpie-robin
Passeriformes-Turdidae-Catharus-Catharus ustulatus,6,Swainson‘s thrush
Podicipediformes-Podicipedidae-Podiceps-Podiceps grisegena,6,Red-necked grebe
Accipitriformes-Accipitridae-Parabuteo-Parabuteo unicinctus,5,Harris's hawk
Anseriformes-Anatidae-Anas-Anas superciliosa,5,Pacific black duck
Anseriformes-Anatidae-Anser-Anser rossii,5,Ross's goose
Anseriformes-Anatidae-Aythya-Aythya nyroca,5,Ferruginous duck
Anseriformes-Anatidae-Melanitta-Melanitta fusca,5,Velvet scoter
Charadriiformes-Laridae-Chroicocephalus-Chroicocephalus genei,5,Slender-billed gull
Charadriiformes-Laridae-Sternula-Sternula albifrons,5,Little tern
Charadriiformes-Scolopacidae-Tringa-Tringa ochropus,5,Green sandpiper
Galliformes-Numididae-Numida-Numida meleagris,5,Helmeted guineafowl
Gruiformes-Gruidae-Grus-Grus japonensis,5,Red-crowned crane
Otidiformes-Otididae-Eupodotis-Eupodotis senegalensis,5,White-bellied bustard
Passeriformes-Corvidae-Corvus-Corvus monedula,5,Western jackdaw
Strigiformes-Strigidae-Asio-Asio otus,5,Long-eared owl
Strigiformes-Strigidae-Strix-Strix aluco,5,Tawny owl
Strigiformes-Strigidae-Strix-Strix varia,5,Barred owl
Suliformes-Phalacrocoracidae-Phalacrocorax-Phalacrocorax bougainvillii,5,Guanay cormorant
Anseriformes-Anatidae-Dendrocygna-Dendrocygna viduata,4,White-faced whistling duck
Anseriformes-Anatidae-Oxyura-Oxyura jamaicensis,4,Ruddy duck
Charadriiformes-Laridae-Gelochelidon-Gelochelidon nilotica,4,Common gull-billed tern
Charadriiformes-Laridae-Leucophaeus-Leucophaeus modestus,4,Gray gull
Charadriiformes-Recurvirostridae-Himantopus-Himantopus mexicanus,4,Black-necked stilt
Charadriiformes-Scolopacidae-Tringa-Tringa totanus,4,Common redshank
Charadriiformes-Stercorariidae-Stercorarius-Stercorarius antarcticus,4,Brown skua
Charadriiformes-Stercorariidae-Stercorarius-Stercorarius skua,4,Great skua
Columbiformes-Columbidae-Geopelia-Geopelia placida,4,Peaceful dove
Galliformes-Phasianidae-Lophura-Lophura leucomelanos,4,Kalij pheasant
Passeriformes-Cardinalidae-Piranga-Piranga ludoviciana,4,Western tanager
Passeriformes-Corvidae-Pica-Pica hudsonia,4,Black-billed magpie
Passeriformes-Estrildidae-Lonchura-Lonchura striata,4,White-rumped Munia
Procellariiformes-Procellariidae-Ardenna-Ardenna pacifica,4,Wedge-tailed shearwater
Sphenisciformes-Spheniscidae-Pygoscelis-Pygoscelis adeliae,4,Adelie penguin
Sphenisciformes-Spheniscidae-Spheniscus-Spheniscus humboldti,4,Humboldt penguin
Suliformes-Phalacrocoracidae-Phalacrocorax-Phalacrocorax auritum,4,Double-crested cormorant
Accipitriformes-Accipitridae-Buteo-Buteo lineatus,3,Red-shouldered hawk
Accipitriformes-Accipitridae-Gypaetus-Gypaetus barbatus,3,Bearded vulture
Accipitriformes-Accipitridae-Gyps-Gyps fulvus,3,Eurasian griffon
Accipitriformes-Accipitridae-Necrosyrtes-Necrosyrtes monachus,3,Hooded vulture
Anseriformes-Anatidae-Branta-Branta sandvicensis,3,Hawaiian goose
Anseriformes-Anatidae-Callonetta-Callonetta leucophrys,3,Ringed teal
Anseriformes-Anatidae-Cygnus-Cygnus melancoryphus,3,Black-necked swan
Anseriformes-Anatidae-Dendrocygna-Dendrocygna javanica,3,Lesser whistling duck
Anseriformes-Anatidae-Malacorhynchus-Malacorhynchus membranaceus,3,Pink-eared duck
Anseriformes-Anatidae-Melanitta-Melanitta deglandi,3,White-winged scoter
Anseriformes-Anatidae-Mergus-Mergellus albellus,3,Smew
Charadriiformes-Alcidae-Alca-Alca torda,3,Razorbill
Charadriiformes-Burhinidae-Burhinus-Burhinus oedicnemus,3,Stone curlew
Charadriiformes-Charadriidae-Vanellus-Vanellus vanellus,3,Northern lapwing
Charadriiformes-Laridae-Chlidonias-Chlidonias hybrida,3,Whiskered tern
Charadriiformes-Laridae-Ichthyaetus-Ichthyaetus ichthyaetus,3,Pallas's gull
Charadriiformes-Laridae-Larus-Larus armenicus,3,Armenian gull
Charadriiformes-Laridae-Leucophaeus-Leucophaeus pipixcan,3,Franklin's gull
Columbiformes-Columbidae-Columba-Columba livia,3,Rock dove
Falconiformes-Falconidae-Falco-Falco rusticolus,3,Gyr falcon
Galliformes-Phasianidae-Coturnix-Coturnix japonica,3,Japanese quail
Galliformes-Phasianidae-Lophura-Lophura nycthemera,3,Silver pheasant
Gruiformes-Gruidae-Antigone-Antigone vipio,3,white-naped crane
Gruiformes-Gruidae-Grus-Grus nigricollis,3,Black-necked crane
Gruiformes-Rallidae-Gallicrex-Gallicrex cinerea,3,Watercock
Gruiformes-Rallidae-Gallinula-Gallinula chloropus,3,Common moorhen
Passeriformes-Estrildidae-Lonchura-Lonchura punctulata,3,Scaly-breasted munia
Passeriformes-Hirundinidae-Hirundo-Hirundo rustica,3,Barn swallow
Passeriformes-Icteridae-Quiscalus-Quiscalus mexicanus,3,Great-tailed grackle
Passeriformes-Nectariniidae-Cyanomitra-Cyanomitra olivacea,3,Olive sunbird
Passeriformes-Turdidae-Turdus-Turdus migratorius,3,American robin
Passeriformes-Zosteropidae-Zosterops-Zosterops japonicus,3,Japanese white-eye
Pelecaniformes-Pelecanidae-Pelecanus-Pelecanus onocrotalus,3,Great white pelican
Psittaciformes-Psittacidae-Melopsittacus-Melopsittacus undulatus,3,Budgerigar
Struthioniformes-Rheidae-Rhea-Rhea americana,3,Greater rhea
Accipitriformes-Accipitridae-Accipiter-Accipiter nisus,2,Eurasian sparrowhawk
Accipitriformes-Accipitridae-Aquila-Aquila chrysaetos,2,Golden eagle
Accipitriformes-Accipitridae-Buteo-Buteo swainsoni,2,Swainson's hawk
Accipitriformes-Accipitridae-Circus-Circus aeruginosus,2,Western marsh harrier
Accipitriformes-Accipitridae-Milvus-Milvus migrans,2,Black kite
Anseriformes-Anatidae-Anas-Anas castanea,2,Chestnut-breasted teal
Anseriformes-Anatidae-Anas-Anas fulvigula,2,Mottled duck
Anseriformes-Anatidae-Anas-Anas undulata,2,African yellow-billed duck
Anseriformes-Anatidae-Anser-Anser erythropus,2,Lesser white-fronted goose
Anseriformes-Anatidae-Anser-Anser serrirostris,2,Tundra bean goose
Anseriformes-Anatidae-Branta-Branta ruficollis,2,Red-breasted goose
Anseriformes-Anatidae-Coscoroba-Coscoroba coscoroba,2,Coscoroba swan
Anseriformes-Anatidae-Dendrocygna-Dendrocygna autumnalis,2,Black-bellied whistling duck
Anseriformes-Anatidae-Mareca-Mareca sibilatrix,2,Chiloe wigeon
Anseriformes-Anatidae-Melanitta-Melanitta nigra,2,Common scoter
Anseriformes-Anatidae-Netta-Netta rufina,2,Red-crested pochard
Anseriformes-Anatidae-Tadorna-Tadorna tadornoides,2,Australian shelduck
Charadriiformes-Chionidae-Chionis-Chionis albus,2,Snowy Sheathbill
Charadriiformes-Haematopodidae-Haematopus-Haematopus ater,2,Blackish oystercatcher
Charadriiformes-Laridae-Chroicocephalus-Chroicocephalus cirrocephalus,2,Grey-headed gull
Charadriiformes-Laridae-Chroicocephalus-Chroicocephalus maculipennis,2,Brown-hooded gull
Charadriiformes-Laridae-Hydrocoloeus-Hydrocoloeus minutus,2,Little gull
Charadriiformes-Laridae-Larus-Larus belcheri,2,Belcher's gull
Charadriiformes-Laridae-Larus-Larus crassirostris,2,Black-tailed gull
Charadriiformes-Laridae-Larus-Larus occidentalis,2,Western gull
Charadriiformes-Laridae-Larus-Larus vegae,2,Vega gull
Charadriiformes-Laridae-Onychoprion-Onychoprion fuscatus,2,Sooty tern
Charadriiformes-Laridae-Thalasseus-Thalasseus acuflavidus,2,Cabot's Tern
Charadriiformes-Laridae-Thalasseus-Thalasseus elegans,2,Elegant tern
Charadriiformes-Laridae-Thalasseus-Thalasseus maximus,2,Royal Tern
Charadriiformes-Recurvirostridae-Himantopus-Himantopus melanurus,2,White-backed stilt
Charadriiformes-Scolopacidae-Gallinago-Gallinago gallinago,2,Common snipe
Charadriiformes-Scolopacidae-Limosa-Limosa lapponica,2,Bar-tailed godwit
Charadriiformes-Scolopacidae-Tringa-Tringa semipalmata,2,Willet
Charadriiformes-Stercorariidae-Stercorarius-Stercorarius parasiticus,2,Parasitic jaeger
Columbiformes-Columbidae-Columba-Columba palumbus,2,Wood pigeon
Galliformes-Phasianidae-Coturnix-Coturnix coturnix,2,Common quail
Gruiformes-Gruidae-Balearica-Balearica regulorum,2,Grey crowned crane
Gruiformes-Gruidae-Grus-Grus virgo,2,Demoiselle crane
Gruiformes-Rallidae-Fulica-Fulica rufifrons,2,Red-fronted coot
Passeriformes-Corvidae-Corvus-Corvus caurinus,2,Northwestern crow
Passeriformes-Corvidae-Corvus-Corvus corax,2,Common raven
Passeriformes-Corvidae-Garrulus-Garrulus glandarius,2,Eurasian jay
Passeriformes-Estrildidae-Uraeginthus-Uraeginthus bengalus,2,Red-cheeked cordon-bleu
Passeriformes-Leiothrichidae-Leiothrix-Leiothrix argentauris,2,Silver-eared mesia
Passeriformes-Parulidae-Geothlypis-Geothlypis tolmiei,2,Macgillivray's warbler
Passeriformes-Passerellidae-Junco-Junco hyemalis,2,Dark-eyed junco
Passeriformes-Ploceidae-Ploceus-Ploceus cucullatus,2,Village weaver
Passeriformes-Ploceidae-Ploceus-Ploceus melanocephalus,2,Black-headed weaver
Passeriformes-Ploceidae-Ploceus-Ploceus nigerrimus,2,Vieillot's black weaver
Passeriformes-Ploceidae-Sporopipes-Sporopipes frontalis,2,Speckle-fronted weaver
Passeriformes-Sturnidae-Acridotheres-Acridotheres cristatellus,2,Crested myna
Passeriformes-Sturnidae-Lamprotornis-Lamprotornis bicolor,2,Pied Starling
Passeriformes-Turdidae-Zoothera-Zoothera dauma,2,Scaly Thrush
Pelecaniformes-Ardeidae-Ardeola-Ardeola bacchus,2,Chinese pond heron
Pelecaniformes-Ardeidae-Nycticorax-Nycticorax nycticorax,2,Black-crowned night heron
Pelecaniformes-Pelecanidae-Pelecanus-Pelecanus thagus,2,Peruvian pelican
Strigiformes-Strigidae-Athene-Athene noctua,2,Little owl
Suliformes-Fregatidae-Fregata-Fregata magnificens,2,Magnificent frigatebird
Suliformes-Sulidae-Sula-Sula leucogaster,2,Brown booby
Suliformes-Sulidae-Sula-Sula nebouxii,2,Blue-footed booby
Accipitriformes-Accipitridae-Accipiter-Accipiter gularis,1,Japanese sparrowhawk
Accipitriformes-Accipitridae-Accipiter-Accipiter striatus,1,Sharp-shinned Hawk
Accipitriformes-Accipitridae-Accipiter-Accipiter trivirgatus,1,Crested goshawk
Accipitriformes-Accipitridae-Butastur-Butastur indicus,1,Grey-faced buzzard
Accipitriformes-Accipitridae-Buteo-Buteo lagopus,1,Rough-legged buzzard
Accipitriformes-Accipitridae-Geranoaetus-Geranoaetus polyosoma,1,Red-backed hawk
Accipitriformes-Accipitridae-Morphnus-Morphnus guianensis,1,Guiana crested eagle
Accipitriformes-Accipitridae-Nisaetus-Nisaetus nipalensis,1,Mountain hawk eagle
Accipitriformes-Pandionidae-Pandion-Pandion haliaetus,1,Osprey
Anseriformes-Anatidae-Amazonetta-Amazonetta brasiliensis,1,Brazilian Teal
Anseriformes-Anatidae-Anas-Anas capensis,1,Cape widgeon
Anseriformes-Anatidae-Anas-Anas erythrorhyncha,1,Red-billed teal
Anseriformes-Anatidae-Anas-Anas poecilorhyncha,1,Indian spot-billed duck
Anseriformes-Anatidae-Aythya-Aythya baeri,1,Baer's pochard
Anseriformes-Anatidae-Bucephala-Bucephala islandica,1,Barrow's Goldeneye
Anseriformes-Anatidae-Chenonetta-Chenonetta jubata,1,Maned goose
Anseriformes-Anatidae-Histrionicus-Histrionicus histrionicus,1,Harlequin duck
Anseriformes-Anatidae-Marmaronetta-Marmaronetta angustirostris,1,Marbled teal
Anseriformes-Anatidae-Mergus-Mergus serrator,1,Red-breasted merganser
Anseriformes-Anatidae-Oxyura-Oxyura leucocephala,1,White-headed duck
Anseriformes-Anatidae-Sarkidiornis-Sarkidiornis sylvicola,1,Comb duck
Anseriformes-Anatidae-Somateria-Somateria fischeri,1,Spectacled eider
Anseriformes-Anatidae-Spatula-Spatula platalea,1,Red shoveler
Anseriformes-Anatidae-Spatula-Spatula rhynchotis,1,Australasian shoveler
Anseriformes-Anatidae-Spatula-Spatula smithii,1,Cape shoveller
Cathartiformes-Cathartidae-Sarcoramphus-Sarcoramphus papa,1,King vulture
Charadriiformes-Charadriidae-Pluvialis-Pluvialis fulva,1,Pacific golden plover
Charadriiformes-Charadriidae-Pluvialis-Pluvialis squatarola,1,Grey plover
Charadriiformes-Charadriidae-Vanellus-Vanellus spinosus,1,Spur-winged lapwing
Charadriiformes-Haematopodidae-Haematopus-Haematopus palliatus,1,American oystercatcher
Charadriiformes-Laridae-Chroicocephalus-Chroicocephalus novaehollandiae,1,Silver gull
Charadriiformes-Laridae-Larus-Larus californicus,1,California gull
Charadriiformes-Laridae-Leucophaeus-Leucophaeus scoresbii,1,Dolphin gull
Charadriiformes-Laridae-Sterna-Sterna hirundinacea,1,south american tern
Charadriiformes-Laridae-Xema-Xema sabini,1,Sabine's gull
Charadriiformes-Recurvirostridae-Recurvirostra-Recurvirostra avosetta,1,Pied avocet
Charadriiformes-Scolopacidae-Calidris-Calidris ferruginea,1,Curlew sandpiper
Charadriiformes-Scolopacidae-Calidris-Calidris mauri,1,Western sandpiper
Charadriiformes-Scolopacidae-Limnodromus-Limnodromus griseus,1,Short-billed Dowitcher
Charadriiformes-Scolopacidae-Limosa-Limosa limosa,1,Black tailed godwit
Charadriiformes-Scolopacidae-Numenius-Numenius minutus,1,Little curlew
Charadriiformes-Scolopacidae-Scolopax-Scolopax rusticola,1,Eurasian woodcock
Charadriiformes-Scolopacidae-Tringa-Tringa glareola,1,Wood sandpiper
Charadriiformes-Stercorariidae-Stercorarius-Stercorarius longicaudus,1,Long-tailed jaeger
Ciconiiformes-Ciconiidae-Ciconia-Ciconia boyciana,1,Oriental stork
Ciconiiformes-Ciconiidae-Leptoptilos-Leptoptilos crumenifer,1,Marabou
Ciconiiformes-Ciconiidae-Mycteria-Mycteria leucocephala,1,Painted stork
Columbiformes-Columbidae-Columba-Columba guinea,1,Speckled pigeon
Columbiformes-Columbidae-Macropygia-Macropygia ruficeps,1,Lesser red cuckoo dove
Columbiformes-Columbidae-Spilopelia-Spilopelia chinensis,1,Spotted dove
Coraciiformes-Meropidae-Merops-Merops apiaster,1,Common bee eater
Falconiformes-Falconidae-Falco-Falco cherrug,1,Saker falcon
Falconiformes-Falconidae-Falco-Falco naumanni,1,Lesser kestrel
Falconiformes-Falconidae-Phalcoboenus-Phalcoboenus chimango,1,Chimango Caracara
Galliformes-Megapodiidae-Alectura-Alectura lathami,1,Brush turkey
Galliformes-Phasianidae-Chrysolophus-Chrysolophus amherstiae,1,Lady amherst's pheasant
Galliformes-Phasianidae-Chrysolophus-Chrysolophus pictus,1,Golden pheasant
Galliformes-Phasianidae-Francolinus-Francolinus pintadeanus,1,Chinese francolin
Galliformes-Phasianidae-Meleagris-Meleagris gallopavo,1,Wild turkey
Galliformes-Phasianidae-Pavo-Pavo muticus,1,Green peafowl
Galliformes-Phasianidae-Perdix-Perdix perdix,1,Grey partridge
Galliformes-Phasianidae-Phasianus-Phasianus versicolor,1,Green pheasant
Gruiformes-Gruidae-Grus-Grus paradisea,1,Blue crane
Otidiformes-Otididae-Otis-Otis tarda,1,Great bustard
Passeriformes-Acrocephalidae-Acrocephalus-Acrocephalus scirpaceus,1,Eurasian reed warbler
Passeriformes-Aegithinidae-Aegithina-Aegithina tiphia,1,Common iora
Passeriformes-Bombycillidae-Bombycilla-Bombycilla cedrorum,1,Cedar waxwing
Passeriformes-Estrildidae-Lonchura-Lonchura atricapilla,1,Chestnut munia
Passeriformes-Fringillidae-Fringilla-Fringilla montifringilla,1,Brambling
Passeriformes-Furnariidae-Drymotoxeres-Drymotoxeres pucheranii,1,Greater scythebill
Passeriformes-Icteridae-Icteria-Icteria virens,1,Yellow-breasted chat
Passeriformes-Laniidae-Lanius-Lanius schach,1,Long-tailed shrike
Passeriformes-Leiothrichidae-Garrulax-Garrulax canorus,1,Chinese hwamei
Passeriformes-Leiothrichidae-Leiothrix-Leiothrix lutea,1,Red-billed leiothrix
Passeriformes-Macrosphenidae-Sylvietta-Sylvietta virens,1,Green crombec
Passeriformes-Muscicapidae-Larvivora-Larvivora cyane,1,Siberian blue robin
Passeriformes-Muscicapidae-Luscinia-Luscinia megarhynchos,1,Common nightingale
Passeriformes-Muscicapidae-Oenanthe-Oenanthe isabellina,1,Isabelline wheatear
Passeriformes-Muscicapidae-Saxicola-Saxicola torquatus,1,African stonechat
Passeriformes-Paridae-Parus-Parus major,1,Great tit
Passeriformes-Parulidae-Parkesia-Parkesia noveboracensis,1,Helmeted guineafowl
Passeriformes-Parulidae-Setophaga-Setophaga auduboni,1,Audubon's warbler
Passeriformes-Passerellidae-Melospiza-Melospiza melodia,1,Song sparrow
Passeriformes-Passeridae-Passer-Passer griseus,1,Northern grey-headed sparrow
Passeriformes-Platylophidae-Platylophus-Platylophus galericulatus,1,Crested jay
Passeriformes-Ploceidae-Euplectes-Euplectes franciscanus,1,Northern red bishop
Passeriformes-Pycnonotidae-Eurillas-Eurillas virens,1,Little greenbul
Passeriformes-Pycnonotidae-Hypsipetes-Hypsipetes leucocephalus,1,Black bulbul
Passeriformes-Pycnonotidae-Ixonotus-Ixonotus guttatus,1,Spotted greenbul
Passeriformes-Regulidae-Regulus-Regulus satrapa,1,Golden-crowned kinglet
Passeriformes-Scotocercidae-Hylia-Hylia prasina,1,Green hylia
Passeriformes-Sturnidae-Acridotheres-Acridotheres tristis,1,Common myna
Passeriformes-Sturnidae-Agropsar-Agropsar sturninus,1,Daurian starling
Passeriformes-Sturnidae-Spodiopsar-Spodiopsar sericeus,1,Red-billed starling
Passeriformes-Troglodytidae-Thryomanes-Thryomanes bewickii,1,Bewick's wren
Passeriformes-Turdidae-Catharus-Catharus fuscescens,1,Veery
Passeriformes-Turdidae-Catharus-Catharus guttatus,1,Hermit thrush
Passeriformes-Turdidae-Turdus-Turdus philomelos,1,Song thrush
Passeriformes-Tyrannidae-Contopus-Contopus sordidulus,1,Western wood-pewee
Passeriformes-Tyrannidae-Empidonax-Empidonax alnorum,1,Alder flycatcher
Passeriformes-Tyrannidae-Empidonax-Empidonax difficilis,1,Pacific-slope flycatcher
Pelecaniformes-Ardeidae-Butorides-Butorides virescens,1,Green heron
Pelecaniformes-Ardeidae-Egretta-Egretta thula,1,Snowy egret
Pelecaniformes-Ardeidae-Ixobrychus-Ixobrychus eurhythmus,1,Von schrenck's bittern
Pelecaniformes-Pelecanidae-Pelecanus-Pelecanus conspicillatus,1,Australian pelican
Pelecaniformes-Pelecanidae-Pelecanus-Pelecanus philippensis,1,Spot-billed pelican
Pelecaniformes-Threskiornithidae-Eudocimus-Eudocimus ruber,1,Scarlet ibis
Phoenicopteriformes-Phoenicopteridae-Phoeniconaias-Phoeniconaias minor,1,Lesser flamingo
Piciformes-Megalaimidae-Psilopogon-Psilopogon virens,1,Great barbet
Piciformes-Picidae-Campether-Campethera caroli,1,Brown-eared woodpecker
Podicipediformes-Podicipedidae-Aechmophorus-Aechmophorus occidentalis,1,Western grebe
Procellariiformes-Procellariidae-Puffinus-Puffinus puffinus,1,Manx shearwater
Psittaciformes-Psittacidae-Amazona-Amazona albifrons,1,White-fronted parrot
Psittaciformes-Psittacidae-Amazona-Amazona oratrix,1,Yellow-headed amazon
Pterocliformes-Pteroclidae-Syrrhaptes-Syrrhaptes paradoxus,1,Pallas's sandgrouse
Strigiformes-Strigidae-Asio-Asio flammeus,1,Short-eared owl
Strigiformes-Strigidae-Megascops-Megascops kennicottii,1,Western screech owl
Strigiformes-Strigidae-Otus-Otus scops,1,Eurasian scops-owl
Strigiformes-Strigidae-Strix-Strix uralensis,1,Ural owl
Struthioniformes-Struthionidae-Struthio-Struthio camelus,1,Common ostrich
Struthioniformes-Tinamidae-Rhynchotus-Rhynchotus rufescens,1,Red-winged tinamou
Suliformes-Phalacrocoracidae-Phalacrocorax-Phalacrocorax brasilianum,1,Neotropic cormorant
